series,desk,value_usd,low_usd,high_usd,alt_usd,alt_label,category,category_label,scope,as_of,point_estimate,pct_of_300t_tam,source_id,source_title,source_url
forecast,Securitize × Keyrock,400000000000,,,,,narrow,Free-float / distributed only,"Distributed RWAs, 5 classes (ex-stablecoins)",Apr 2026,1,0.1333,securitize-keyrock-400t,The $400T Future of Tokenised Assets,https://keyrock.com/the-400t-future-of-tokenised-assets/
forecast,Binance Research,661000000000,203000000000,1600000000000,,,narrow,Free-float / distributed only,"Distributed value, ex-stablecoins · base case cut from $1.6T in May to $661B (0.4% penetration); band = $203B conservative – $1.6T bull. The old base is now the bull case.",Jul 2026,0,0.2203,binance-hy2026,Half-Year 2026: On-Chain Markets,https://www.binance.com/en/research/analysis/half-year-2026-onchain-markets
forecast,Standard Chartered,4000000000000,,,2700000000000,"$2.7T DeFi-active, 2030",public,"Public chains, all issued","Public-chain tokenized assets by 2028, reaffirmed in ""Owning the rails"" (Aug 2026); hollow dot = $2.7T DeFi-active by 2030 (same desk, 2030 horizon)",May · Aug 2026,0,1.3333,sc-tokenization-defi,Digital-assets research – ~$4T tokenized by 2028,https://www.theblock.co/post/401635/standard-chartered-projects-4t-in-tokenized-assets-by-end-2028-with-defi-protocols-primary-beneficiaries
forecast,Citi,5500000000000,,,,,secur,Securities & core asset classes,Tokenized securities – equities + Treasuries led,Jun 2026,1,1.8333,citi-2030,Tokenization 2030: Wall Street On-Chain,https://www.citigroup.com/global/insights/tokenization-2030
forecast,Binance – tail case,6780000000000,,,,,secur,Securities & core asset classes,"Equities + commodities + ETFs at 4% penetration (""exceptional"" scenario, not a base case)",Jul 2026,1,2.26,binance-hy2026,Half-Year 2026: On-Chain Markets,https://www.binance.com/en/research/analysis/half-year-2026-onchain-markets
forecast,BCG,14000000000000,,,,,broad,Broad – incl. funds / 12-class core,"Broadest RWA definition, incl. funds · $55T by 2035 (off-scale, see table)",Apr 2026,1,4.6667,bcg-gam-2026,Global Asset Management Report 2026,https://www.bcg.com/publications/2026/an-imperative-for-growth-and-the-new-economics-of-asset-management
today,CoinGecko,19300000000,,,,,narrow,Free-float / distributed only,Tokenized RWAs ex-stablecoins (Q1 2026),May 2026,1,0.0064,coingecko-rwa-2026,RWA Report 2026,https://www.coingecko.com/research/publications/rwa-report-2026
today,DefiLlama,25200000000,,,,,public,"Public chains, all issued","""Active"" RWA market cap, public chains",Apr 2026,1,0.0084,defillama-rwafi-q1,The State of RWAfi: Q1 2026,https://defillama.com/research/report/the-state-of-rwafi-q1-2026-report
today,Grayscale,30000000000,,,,,narrow,Free-float / distributed only,"Tokenized assets ex-stablecoins – ~0.01% of global equity & bond markets; Treasuries ~$15B, commodities ~$5B, plus credit, funds, equities",Apr 2026,1,0.01,grayscale-megatrend,Investing in the Tokenization Megatrend,https://research.grayscale.com/reports/investing-in-the-tokenization-megatrend
today,21Shares,31000000000,,,350000000000,$350B incl. permissioned,public,"Public chains, all issued","~$31B public chains; hollow dot = ~$350B once Canton & permissioned networks are added. One desk, one date, 11× apart on scope alone.",Jun 2026,0,0.0103,21shares-midyear,"State of Crypto – Market Outlook 2026, Mid-Year Update",https://cdn.21shares.com/uploads/current-documents/reports/21shares_State-of-crypto-17_Mid-year-check-in.pdf
today,Binance / RWA.xyz,34000000000,,,,,narrow,Free-float / distributed only,"Distributed (free-float) value – $22B Jan → ~$34B mid-Jul, +50% in H1",Jul 2026,1,0.0113,binance-hy2026,Half-Year 2026: On-Chain Markets,https://www.binance.com/en/research/analysis/half-year-2026-onchain-markets
today,BeInCrypto · core,60000000000,,,,,broad,Broad – incl. funds / 12-class core,"Core tokenized assets, 12 classes (rwa.xyz data)",Jun 2026,1,0.02,beincrypto-rwaxyz-2026,The Real State of Tokenization 2026,https://research.beincrypto.com/tokenization-2026-report-first-edition/
today,Pantera,321000000000,,,,,all,All-in – incl. stablecoins / settlement layer,"542 assets, 11 classes – incl. stablecoins",May 2026,1,0.107,pantera-tokenization-q1,The State of Tokenization: Q1 2026,https://panteracapital.com/article/the-state-of-tokenization-q1-2026-report/
today,Standard Chartered,340000000000,,,,,all,All-in – incl. stablecoins / settlement layer,"Tokenized assets on-chain incl. stablecoins – the base of the $4T-by-2028 path (""Owning the rails""). Within 3% of 21Shares' $350B, by a different route: stablecoins in, permissioned nets out.",Aug 2026,1,0.1133,sc-owning-rails,Chainlink: Owning the rails,https://www.theblock.co/news/defi/2026-08-10-standard-chartered-chainlink-tokenization-411252
today,BeInCrypto · full layer,695000000000,,,,,all,All-in – incl. stablecoins / settlement layer,Full settlement layer – represented + on-chain settlement positions,Jun 2026,1,0.2317,beincrypto-rwaxyz-2026,The Real State of Tokenization 2026,https://research.beincrypto.com/tokenization-2026-report-first-edition/
