figure_id,desk_id,desk,desk_group,label,kind,metric,asset_class,value_usd,low_usd,high_usd,approx,point_estimate,horizon_year,as_of,published,scenario,status,superseded_by,scope_id,scope_label,includes_stablecoins,includes_permissioned,definition,in_chart,source_id,source_title,source_url
securitize-keyrock-2030,securitize-keyrock,Securitize × Keyrock,Managers & issuers,Securitize × Keyrock,forecast,market_size,,400000000000,,,0,1,2030,,2026-04,base,current,,narrow,Free-float / distributed only,0,,"Distributed RWAs, 5 asset classes (ex-stablecoins)",forecast,securitize-keyrock-400t,The $400T Future of Tokenised Assets,https://keyrock.com/the-400t-future-of-tokenised-assets/
binance-2030-may,binance-research,Binance Research,Crypto research & trackers,Binance Research,forecast,market_size,,1600000000000,,,0,,2030,,2026-05-15,base,superseded,binance-2030-base,narrow,Free-float / distributed only,0,,"Distributed value, ex-stablecoins – May 2026 base case",,binance-runway,Tokenization's Trillion-Dollar Runway,https://www.binance.com/research/analysis/tokenization-trillion-dollar-runway
binance-2030-base,binance-research,Binance Research,Crypto research & trackers,Binance Research,forecast,market_size,,661000000000,203000000000,1600000000000,0,0,2030,,2026-07-30,base,current,,narrow,Free-float / distributed only,0,,"Distributed value, ex-stablecoins · 0.4% penetration base case; range = $203B conservative – $1.6T bull",forecast,binance-hy2026,Half-Year 2026: On-Chain Markets,https://www.binance.com/en/research/analysis/half-year-2026-onchain-markets
sc-2028,standard-chartered,Standard Chartered,Banks,Standard Chartered,forecast,market_size,,4000000000000,,,1,,2028,,2026-05-26,base,current,,public,"Public chains, all issued",,0,Tokenized assets on public blockchains by end-2028,forecast,sc-tokenization-defi,Digital-assets research – ~$4T tokenized by 2028,https://www.theblock.co/post/401635/standard-chartered-projects-4t-in-tokenized-assets-by-end-2028-with-defi-protocols-primary-beneficiaries
sc-defi-2030,standard-chartered,Standard Chartered,Banks,Standard Chartered,forecast,market_size,,2700000000000,,,0,,2030,,2026-05-26,base,current,,public,"Public chains, all issued",,0,DeFi-active tokenized assets on public chains by 2030,forecast-alt,sc-tokenization-defi,Digital-assets research – ~$4T tokenized by 2028,https://www.theblock.co/post/401635/standard-chartered-projects-4t-in-tokenized-assets-by-end-2028-with-defi-protocols-primary-beneficiaries
citi-2030,citi,Citi,Banks,Citi,forecast,market_size,securities,5500000000000,,,0,1,2030,,2026-06,base,current,,secur,Securities & core asset classes,,,Tokenized securities – equities + Treasuries led,forecast,citi-2030,Tokenization 2030: Wall Street On-Chain,https://www.citigroup.com/global/insights/tokenization-2030
binance-2030-tail,binance-research,Binance Research,Crypto research & trackers,Binance Research,forecast,market_size,,6780000000000,,,0,1,2030,,2026-07-30,tail,current,,secur,Securities & core asset classes,,,"Equities + commodities + ETFs at 4% penetration (""exceptional"" scenario, not a base case)",forecast,binance-hy2026,Half-Year 2026: On-Chain Markets,https://www.binance.com/en/research/analysis/half-year-2026-onchain-markets
bcg-2030,bcg,BCG,Consultancies,BCG,forecast,market_size,,14000000000000,,,0,1,2030,,2026-04,base,current,,broad,Broad – incl. funds / 12-class core,,,"Broadest RWA definition, incl. funds",forecast,bcg-gam-2026,Global Asset Management Report 2026,https://www.bcg.com/publications/2026/an-imperative-for-growth-and-the-new-economics-of-asset-management
bcg-2035,bcg,BCG,Consultancies,BCG,forecast,market_size,,55000000000000,,,0,1,2035,,2026-04,base,current,,broad,Broad – incl. funds / 12-class core,,,"Broadest RWA definition, incl. funds – 2035 horizon",,bcg-gam-2026,Global Asset Management Report 2026,https://www.bcg.com/publications/2026/an-imperative-for-growth-and-the-new-economics-of-asset-management
pwc-funds-2030,pwc,PwC,Consultancies,PwC,forecast,fund_aum,funds,715000000000,,,0,1,2030,,2026-06,,current,,,,,,"Tokenized fund AUM alone, compounding at 41% a year",,pwc-asset-tokenization,"Asset tokenization for asset managers: Trends, risks and opportunities",https://www.pwc.com/us/en/industries/financial-services/library/tokenizing-assets.html
jpm-am-opportunity,jpmorgan,J.P. Morgan,Banks,J.P. Morgan,forecast,am_opportunity,,400000000000,,,1,,,,2026-04,,current,,,,,,Tokenization opportunity for asset management – not a market size; horizon not stated,,jpm-payments-outlook,Payments Outlook 2026: Five Shifts Powering Payments,https://www.jpmorgan.com/insights/payments/trends-innovation/payments-outlook-trends-2026
msow-revenue-netnew-2030,morgan-stanley,Morgan Stanley,Banks,Morgan Stanley,forecast,revenue,,8000000000,,,0,,2030,,2026-05,,current,,,,,,Up to $8B net-new revenue across wholesale banking by 2030,,msow-digital-rails,"Digital Rails, Real Economics: Digital Assets and the Future of Wholesale Banking",https://www.oliverwyman.com/our-expertise/insights/2026/may/digital-assets-future-wholesale-banking.html
msow-revenue-redistributed-2030,morgan-stanley,Morgan Stanley,Banks,Morgan Stanley,forecast,revenue,,82000000000,,,0,,2030,,2026-05,,current,,,,,,Revenue redistributed across wholesale banking by 2030,,msow-digital-rails,"Digital Rails, Real Economics: Digital Assets and the Future of Wholesale Banking",https://www.oliverwyman.com/our-expertise/insights/2026/may/digital-assets-future-wholesale-banking.html
mckinsey-stablecoins-2030,mckinsey,McKinsey,Consultancies,McKinsey,forecast,stablecoin_supply,,4000000000000,,,1,,2030,,2026-05,,current,,all,All-in – incl. stablecoins / settlement layer,1,,Stablecoin adoption by 2030,,mckinsey-beyond-stablecoins,Beyond stablecoins: The emerging architecture of on-chain money,https://www.mckinsey.com/industries/financial-services/our-insights/beyond-stablecoins-the-emerging-architecture-of-on-chain-money
binance-equities-2030,binance-research,Binance Research,Crypto research & trackers,Binance Research,forecast,market_size,equities,349000000000,349000000000,987000000000,0,0,2030,,2026-07-30,,current,,,,,,Tokenized equities – scenario range $349B–$987B by 2030 (value = low end),,binance-hy2026,Half-Year 2026: On-Chain Markets,https://www.binance.com/en/research/analysis/half-year-2026-onchain-markets
securitize-keyrock-today,securitize-keyrock,Securitize × Keyrock,Managers & issuers,Securitize × Keyrock,today,market_size,,29000000000,,,1,1,,,2026-04,,current,,narrow,Free-float / distributed only,0,,"Distributed RWAs, 5 asset classes – the starting point of the $400B path",,securitize-keyrock-400t,The $400T Future of Tokenised Assets,https://keyrock.com/the-400t-future-of-tokenised-assets/
coingecko-today,coingecko,CoinGecko,Crypto research & trackers,CoinGecko,today,market_size,,19300000000,,,0,1,,2026-03,2026-05,,current,,narrow,Free-float / distributed only,0,,"Tokenized RWAs ex-stablecoins (Treasuries, gold, stocks, ETFs)",today,coingecko-rwa-2026,RWA Report 2026,https://www.coingecko.com/research/publications/rwa-report-2026
defillama-today,defillama,DefiLlama,Crypto research & trackers,DefiLlama,today,market_size,,25200000000,,,0,1,,2026-03,2026-04,,current,,public,"Public chains, all issued",,0,"""Active"" RWA market cap on public chains",today,defillama-rwafi-q1,The State of RWAfi: Q1 2026,https://defillama.com/research/report/the-state-of-rwafi-q1-2026-report
grayscale-today,grayscale,Grayscale,Managers & issuers,Grayscale,today,market_size,,30000000000,,,1,1,,,2026-04,,current,,narrow,Free-float / distributed only,0,,Tokenized assets ex-stablecoins – ~0.01% of global equity & bond markets,today,grayscale-megatrend,Investing in the Tokenization Megatrend,https://research.grayscale.com/reports/investing-in-the-tokenization-megatrend
grayscale-treasuries-today,grayscale,Grayscale,Managers & issuers,Grayscale,today,market_size,treasuries,15000000000,,,1,1,,,2026-04,,current,,,,,,Tokenized U.S. Treasuries,,grayscale-megatrend,Investing in the Tokenization Megatrend,https://research.grayscale.com/reports/investing-in-the-tokenization-megatrend
grayscale-commodities-today,grayscale,Grayscale,Managers & issuers,Grayscale,today,market_size,commodities,5000000000,,,1,1,,,2026-04,,current,,,,,,Tokenized commodities (mostly gold),,grayscale-megatrend,Investing in the Tokenization Megatrend,https://research.grayscale.com/reports/investing-in-the-tokenization-megatrend
21shares-today-public,21shares,21Shares,Managers & issuers,21Shares,today,market_size,,31000000000,,,1,,,,2026-06,,current,,public,"Public chains, all issued",0,0,"Tokenized assets on public chains, ex-stablecoins",today,21shares-midyear,"State of Crypto – Market Outlook 2026, Mid-Year Update",https://cdn.21shares.com/uploads/current-documents/reports/21shares_State-of-crypto-17_Mid-year-check-in.pdf
21shares-today-permissioned,21shares,21Shares,Managers & issuers,21Shares,today,market_size,,350000000000,,,1,,,,2026-06,,current,,,,0,1,"Public chains plus Canton & other permissioned networks, ex-stablecoins – no single scope bucket",today-alt,21shares-midyear,"State of Crypto – Market Outlook 2026, Mid-Year Update",https://cdn.21shares.com/uploads/current-documents/reports/21shares_State-of-crypto-17_Mid-year-check-in.pdf
binance-today-jan,binance-research,Binance Research,Crypto research & trackers,Binance Research,today,market_size,,22000000000,,,0,1,,2026-01,2026-07-30,,current,,narrow,Free-float / distributed only,0,,"Distributed (free-float, transferable) value, RWA.xyz data – January 2026 starting point for the H1 growth figure",,binance-hy2026,Half-Year 2026: On-Chain Markets,https://www.binance.com/en/research/analysis/half-year-2026-onchain-markets
binance-today,binance-research,Binance Research,Crypto research & trackers,Binance / RWA.xyz,today,market_size,,34000000000,,,1,1,,2026-07,2026-07-30,,current,,narrow,Free-float / distributed only,0,,"Distributed (free-float, transferable) value, RWA.xyz data – $22B in Jan → ~$34B mid-Jul",today,binance-hy2026,Half-Year 2026: On-Chain Markets,https://www.binance.com/en/research/analysis/half-year-2026-onchain-markets
binance-equities-today,binance-research,Binance Research,Crypto research & trackers,Binance Research,today,market_size,equities,1700000000,,,1,1,,2026-07,2026-07-30,,current,,,,,,Tokenized stocks – +177% in H1 2026,,binance-hy2026,Half-Year 2026: On-Chain Markets,https://www.binance.com/en/research/analysis/half-year-2026-onchain-markets
beincrypto-core-today,beincrypto-rwaxyz,BeInCrypto × RWA.xyz,Crypto research & trackers,BeInCrypto · core,today,market_size,,60000000000,,,1,1,,2026-05,2026-06,,current,,broad,Broad – incl. funds / 12-class core,,,"Core tokenized assets across 12 asset classes (rwa.xyz data), 7,000+ products",today,beincrypto-rwaxyz-2026,The Real State of Tokenization 2026,https://research.beincrypto.com/tokenization-2026-report-first-edition/
pantera-today,pantera,Pantera Capital,Crypto research & trackers,Pantera Capital,today,market_size,,321000000000,,,1,1,,2026-03,2026-05,,current,,all,All-in – incl. stablecoins / settlement layer,1,,"542 assets, 11 classes – counts stablecoins and the full tokenized universe",today,pantera-tokenization-q1,The State of Tokenization: Q1 2026,https://panteracapital.com/article/the-state-of-tokenization-q1-2026-report/
sc-today,standard-chartered,Standard Chartered,Banks,Standard Chartered,today,market_size,,340000000000,,,1,1,,,2026-08-10,,current,,all,All-in – incl. stablecoins / settlement layer,1,0,Tokenized assets on-chain incl. stablecoins – the base of the $4T-by-2028 path,today,sc-owning-rails,Chainlink: Owning the rails,https://www.theblock.co/news/defi/2026-08-10-standard-chartered-chainlink-tokenization-411252
beincrypto-full-today,beincrypto-rwaxyz,BeInCrypto × RWA.xyz,Crypto research & trackers,BeInCrypto · full layer,today,market_size,,695000000000,,,1,1,,2026-04,2026-06,,current,,all,All-in – incl. stablecoins / settlement layer,1,,Full settlement layer – represented assets + on-chain settlement positions,today,beincrypto-rwaxyz-2026,The Real State of Tokenization 2026,https://research.beincrypto.com/tokenization-2026-report-first-edition/
beincrypto-settlement-volume,beincrypto-rwaxyz,BeInCrypto × RWA.xyz,Crypto research & trackers,BeInCrypto × RWA.xyz,today,settlement_volume,,8000000000000,,,1,1,,2026-04,2026-06,,current,,,,,,"Monthly on-chain settlement volume, +268% YoY – a flow, not a stock",,beincrypto-rwaxyz-2026,The Real State of Tokenization 2026,https://research.beincrypto.com/tokenization-2026-report-first-edition/
