desk_id,desk,desk_group,question_id,question,position_id,position,position_description,qualifier,figure_ids,different_unit,unit_note,source_ids,source_urls
citi,Citi,Banks,size_2030,2030 size,,$5.5T,,,citi-2030,0,,citi-2030,https://www.citigroup.com/global/insights/tokenization-2030
citi,Citi,Banks,lead_asset,Lead asset by 2030,equities_treasuries,Equities + Tsy,"Listed equities and Treasuries, pulled on-chain by public-market infrastructure",,,0,,citi-2030,https://www.citigroup.com/global/insights/tokenization-2030
citi,Citi,Banks,rails,Which rails,permissioned,Permissioned,"Permissioned networks (Canton, Kinexys and bank ledgers)",,,0,,citi-2030,https://www.citigroup.com/global/insights/tokenization-2030
citi,Citi,Banks,constraint,Binding constraint,market_infra,Market infra,"Incumbent market infrastructure embedding tokenization (DTCC, NYSE, Nasdaq)",,,0,,citi-2030,https://www.citigroup.com/global/insights/tokenization-2030
standard-chartered,Standard Chartered,Banks,size_2030,2030 size,,$4T '28,,,sc-2028,0,,sc-tokenization-defi | sc-owning-rails | sc-nonusd-stablecoins,https://www.theblock.co/post/401635/standard-chartered-projects-4t-in-tokenized-assets-by-end-2028-with-defi-protocols-primary-beneficiaries | https://www.theblock.co/news/defi/2026-08-10-standard-chartered-chainlink-tokenization-411252 | https://www.sc.com/en/uploads/sites/66/content/docs/where-local-currency-stablecoins-can-scale-report-sc.pdf
standard-chartered,Standard Chartered,Banks,size_today,Size today,,$340B,,,sc-today,0,,sc-tokenization-defi | sc-owning-rails | sc-nonusd-stablecoins,https://www.theblock.co/post/401635/standard-chartered-projects-4t-in-tokenized-assets-by-end-2028-with-defi-protocols-primary-beneficiaries | https://www.theblock.co/news/defi/2026-08-10-standard-chartered-chainlink-tokenization-411252 | https://www.sc.com/en/uploads/sites/66/content/docs/where-local-currency-stablecoins-can-scale-report-sc.pdf
standard-chartered,Standard Chartered,Banks,stablecoins,Stablecoins,rail,Rail · USD only,Stablecoins are the settlement rail and on-ramp for tokenized assets,USD only,,0,,sc-tokenization-defi | sc-owning-rails | sc-nonusd-stablecoins,https://www.theblock.co/post/401635/standard-chartered-projects-4t-in-tokenized-assets-by-end-2028-with-defi-protocols-primary-beneficiaries | https://www.theblock.co/news/defi/2026-08-10-standard-chartered-chainlink-tokenization-411252 | https://www.sc.com/en/uploads/sites/66/content/docs/where-local-currency-stablecoins-can-scale-report-sc.pdf
standard-chartered,Standard Chartered,Banks,rails,Which rails,public,Public,Public blockchains,,,0,,sc-tokenization-defi | sc-owning-rails | sc-nonusd-stablecoins,https://www.theblock.co/post/401635/standard-chartered-projects-4t-in-tokenized-assets-by-end-2028-with-defi-protocols-primary-beneficiaries | https://www.theblock.co/news/defi/2026-08-10-standard-chartered-chainlink-tokenization-411252 | https://www.sc.com/en/uploads/sites/66/content/docs/where-local-currency-stablecoins-can-scale-report-sc.pdf
standard-chartered,Standard Chartered,Banks,constraint,Binding constraint,data_interop,Data & interop rails,Oracle and interoperability infrastructure decides who wins,,,0,,sc-tokenization-defi | sc-owning-rails | sc-nonusd-stablecoins,https://www.theblock.co/post/401635/standard-chartered-projects-4t-in-tokenized-assets-by-end-2028-with-defi-protocols-primary-beneficiaries | https://www.theblock.co/news/defi/2026-08-10-standard-chartered-chainlink-tokenization-411252 | https://www.sc.com/en/uploads/sites/66/content/docs/where-local-currency-stablecoins-can-scale-report-sc.pdf
jpmorgan,J.P. Morgan,Banks,size_2030,2030 size,,$400B AM,,,jpm-am-opportunity,1,"Asset-management opportunity, not market size – different unit",jpm-payments-outlook,https://www.jpmorgan.com/insights/payments/trends-innovation/payments-outlook-trends-2026
jpmorgan,J.P. Morgan,Banks,rails,Which rails,permissioned,Permissioned,"Permissioned networks (Canton, Kinexys and bank ledgers)",,,0,,jpm-payments-outlook,https://www.jpmorgan.com/insights/payments/trends-innovation/payments-outlook-trends-2026
morgan-stanley,Morgan Stanley,Banks,size_2030,2030 size,,$8B revenue,,,msow-revenue-netnew-2030,1,"Revenue, not market size – different unit",msow-digital-rails,https://www.oliverwyman.com/our-expertise/insights/2026/may/digital-assets-future-wholesale-banking.html
deutsche-bank,Deutsche Bank,Banks,stablecoins,Stablecoins,coexist,Coexist,"Stablecoins, tokenized bank deposits and central-bank money coexist, each for different uses",,,0,,db-digital-money,https://flow.db.com/publications/flow-white-papers-and-guides/digital-money-a-perspective-on-stablecoins-tokenised-deposits-and-cbdcs
securitize-keyrock,Securitize × Keyrock,Managers & issuers,size_2030,2030 size,,$400B,,,securitize-keyrock-2030,0,,securitize-keyrock-400t,https://keyrock.com/the-400t-future-of-tokenised-assets/
securitize-keyrock,Securitize × Keyrock,Managers & issuers,lead_asset,Lead asset by 2030,treasuries_credit,Tsy + credit,Treasuries and private credit – the strongest near-term product-market fit,,,0,,securitize-keyrock-400t,https://keyrock.com/the-400t-future-of-tokenised-assets/
21shares,21Shares,Managers & issuers,size_today,Size today,,$31B–$350B,,,21shares-today-public | 21shares-today-permissioned,0,,21shares-midyear,https://cdn.21shares.com/uploads/current-documents/reports/21shares_State-of-crypto-17_Mid-year-check-in.pdf
21shares,21Shares,Managers & issuers,lead_asset,Lead asset by 2030,treasuries,Treasuries,Tokenized Treasuries stay the anchor asset,,,0,,21shares-midyear,https://cdn.21shares.com/uploads/current-documents/reports/21shares_State-of-crypto-17_Mid-year-check-in.pdf
21shares,21Shares,Managers & issuers,rails,Which rails,permissioned,Permissioned,"Permissioned networks (Canton, Kinexys and bank ledgers)",,,0,,21shares-midyear,https://cdn.21shares.com/uploads/current-documents/reports/21shares_State-of-crypto-17_Mid-year-check-in.pdf
grayscale,Grayscale,Managers & issuers,size_today,Size today,,$30B,,,grayscale-today,0,,grayscale-megatrend,https://research.grayscale.com/reports/investing-in-the-tokenization-megatrend
grayscale,Grayscale,Managers & issuers,rails,Which rails,permissioned,Permissioned,"Permissioned networks (Canton, Kinexys and bank ledgers)",,,0,,grayscale-megatrend,https://research.grayscale.com/reports/investing-in-the-tokenization-megatrend
bcg,BCG,Consultancies,size_2030,2030 size,,$14T,,,bcg-2030,0,,bcg-gam-2026,https://www.bcg.com/publications/2026/an-imperative-for-growth-and-the-new-economics-of-asset-management
mckinsey,McKinsey,Consultancies,size_2030,2030 size,,$4T stablecoin,,,mckinsey-stablecoins-2030,1,"Stablecoin adoption, not tokenized RWA market size – different unit",mckinsey-beyond-stablecoins,https://www.mckinsey.com/industries/financial-services/our-insights/beyond-stablecoins-the-emerging-architecture-of-on-chain-money
mckinsey,McKinsey,Consultancies,stablecoins,Stablecoins,coexist,Coexist,"Stablecoins, tokenized bank deposits and central-bank money coexist, each for different uses",,,0,,mckinsey-beyond-stablecoins,https://www.mckinsey.com/industries/financial-services/our-insights/beyond-stablecoins-the-emerging-architecture-of-on-chain-money
pwc,PwC,Consultancies,size_2030,2030 size,,$715B funds,,,pwc-funds-2030,1,"Tokenized funds only, not total market size – different unit",pwc-asset-tokenization,https://www.pwc.com/us/en/industries/financial-services/library/tokenizing-assets.html
pwc,PwC,Consultancies,lead_asset,Lead asset by 2030,funds,Funds,Tokenized funds,,,0,,pwc-asset-tokenization,https://www.pwc.com/us/en/industries/financial-services/library/tokenizing-assets.html
binance-research,Binance Research,Crypto research & trackers,size_2030,2030 size,,$661B,,,binance-2030-base,0,,binance-runway | binance-hy2026,https://www.binance.com/research/analysis/tokenization-trillion-dollar-runway | https://www.binance.com/en/research/analysis/half-year-2026-onchain-markets
binance-research,Binance Research,Crypto research & trackers,size_today,Size today,,$34B,,,binance-today,0,,binance-runway | binance-hy2026,https://www.binance.com/research/analysis/tokenization-trillion-dollar-runway | https://www.binance.com/en/research/analysis/half-year-2026-onchain-markets
binance-research,Binance Research,Crypto research & trackers,stablecoins,Stablecoins,rail,Rail,Stablecoins are the settlement rail and on-ramp for tokenized assets,,,0,,binance-runway | binance-hy2026,https://www.binance.com/research/analysis/tokenization-trillion-dollar-runway | https://www.binance.com/en/research/analysis/half-year-2026-onchain-markets
binance-research,Binance Research,Crypto research & trackers,lead_asset,Lead asset by 2030,equities_credit,Equities / credit,"Equities by addressable market, private credit by current penetration",,,0,,binance-runway | binance-hy2026,https://www.binance.com/research/analysis/tokenization-trillion-dollar-runway | https://www.binance.com/en/research/analysis/half-year-2026-onchain-markets
binance-research,Binance Research,Crypto research & trackers,constraint,Binding constraint,convergence,Convergence,"No single lever – regulation, custody, settlement, liquidity and distribution must reinforce each other",,,0,,binance-runway | binance-hy2026,https://www.binance.com/research/analysis/tokenization-trillion-dollar-runway | https://www.binance.com/en/research/analysis/half-year-2026-onchain-markets
pantera,Pantera Capital,Crypto research & trackers,size_today,Size today,,$321B,,,pantera-today,0,,pantera-tokenization-q1,https://panteracapital.com/article/the-state-of-tokenization-q1-2026-report/
beincrypto-rwaxyz,BeInCrypto × RWA.xyz,Crypto research & trackers,size_today,Size today,,$60B–$695B,,,beincrypto-core-today | beincrypto-full-today,0,,beincrypto-rwaxyz-2026,https://research.beincrypto.com/tokenization-2026-report-first-edition/
defillama,DefiLlama,Crypto research & trackers,size_today,Size today,,$25.2B,,,defillama-today,0,,defillama-rwafi-q1,https://defillama.com/research/report/the-state-of-rwafi-q1-2026-report
defillama,DefiLlama,Crypto research & trackers,rails,Which rails,public,Public,Public blockchains,,,0,,defillama-rwafi-q1,https://defillama.com/research/report/the-state-of-rwafi-q1-2026-report
coingecko,CoinGecko,Crypto research & trackers,size_today,Size today,,$19.3B,,,coingecko-today,0,,coingecko-rwa-2026,https://www.coingecko.com/research/publications/rwa-report-2026
coingecko,CoinGecko,Crypto research & trackers,rails,Which rails,public,Public,Public blockchains,,,0,,coingecko-rwa-2026,https://www.coingecko.com/research/publications/rwa-report-2026
bis,BIS,Official sector,stablecoins,Stablecoins,flawed_money,Flawed money,"Stablecoins fail on singleness, elasticity and integrity; the future is tokenized central-bank and commercial-bank money",,,0,,bis-aer-2026-ch3,https://www.bis.org/publ/arpdf/ar2026e3.htm
bis,BIS,Official sector,rails,Which rails,unified_ledger,Unified ledger,A unified ledger anchored in central-bank money (Project Agorá),,,0,,bis-aer-2026-ch3,https://www.bis.org/publ/arpdf/ar2026e3.htm
bis,BIS,Official sector,constraint,Binding constraint,monetary_architecture,Monetary arch.,A unified ledger anchored in central-bank money is the prerequisite,,,0,,bis-aer-2026-ch3,https://www.bis.org/publ/arpdf/ar2026e3.htm
imf,IMF,Official sector,constraint,Binding constraint,safety_first,Safety first,"Safe settlement assets, legal certainty and international coordination first",,,0,,imf-tokenized-finance,https://www.imf.org/en/publications/imf-notes/issues/2026/04/01/tokenized-finance-574921
gfma,GFMA,Official sector,stablecoins,Stablecoins,coexist,Coexist,"Stablecoins, tokenized bank deposits and central-bank money coexist, each for different uses",,,0,,gfma-digital-money,https://www.gfma.org/policies-resources/gfma-publishes-report-on-the-role-of-digital-money-in-capital-markets/
